年度,科目,題號,通過率,鑑別度
112,國文,1,0.85,0.31
112,英語聽力,1,0.91,0.49
112,數學,1,0.89,0.4
112,社會,1,0.92,0.39
112,自然,1,0.8,0.42
112,國文,2,0.83,0.39
112,英語聽力,2,0.75,0.61
112,英語,2,0.73,0.67
112,數學,2,0.87,0.44
112,社會,2,0.87,0.49
112,自然,2,0.85,0.44
112,國文,3,0.75,0.47
112,英語聽力,3,0.82,0.44
112,英語,3,0.71,0.68
112,數學,3,0.89,0.39
112,社會,3,0.82,0.5
112,自然,3,0.93,0.33
112,國文,4,0.75,0.51
112,英語聽力,4,0.75,0.65
112,英語,4,0.6,0.57
112,數學,4,0.8,0.57
112,社會,4,0.69,0.4
112,自然,4,0.8,0.35
112,國文,5,0.67,0.43
112,英語聽力,5,0.82,0.5
112,英語,5,0.72,0.63
112,數學,5,0.77,0.57
112,社會,5,0.91,0.43
112,自然,5,0.78,0.46
112,國文,6,0.6,0.19
112,英語聽力,6,0.8,0.66
112,英語,6,0.76,0.57
112,數學,6,0.77,0.57
112,社會,6,0.82,0.53
112,自然,6,0.83,0.41
112,國文,7,0.74,0.52
112,英語聽力,7,0.8,0.55
112,英語,7,0.72,0.68
112,數學,7,0.7,0.61
112,社會,7,0.79,0.45
112,自然,7,0.78,0.52
112,國文,8,0.76,0.42
112,英語聽力,8,0.74,0.54
112,英語,8,0.74,0.65
112,數學,8,0.7,0.56
112,社會,8,0.76,0.5
112,自然,8,0.66,0.51
112,國文,9,0.55,0.5
112,英語聽力,9,0.68,0.54
112,英語,9,0.64,0.71
112,數學,9,0.72,0.45
112,社會,9,0.92,0.36
112,自然,9,0.68,0.54
112,國文,10,0.71,0.53
112,英語聽力,10,0.67,0.63
112,英語,10,0.65,0.67
112,數學,10,0.58,0.59
112,社會,10,0.62,0.35
112,自然,10,0.71,0.54
112,國文,11,0.62,0.34
112,英語聽力,11,0.58,0.46
112,英語,11,0.65,0.7
112,數學,11,0.66,0.44
112,社會,11,0.88,0.37
112,自然,11,0.78,0.48
112,國文,12,0.7,0.55
112,英語聽力,12,0.81,0.61
112,英語,12,0.63,0.61
112,數學,12,0.58,0.66
112,社會,12,0.93,0.28
112,自然,12,0.59,0.49
112,國文,13,0.61,0.47
112,英語聽力,13,0.84,0.63
112,英語,13,0.58,0.56
112,數學,13,0.5,0.48
112,社會,13,0.62,0.5
112,自然,13,0.67,0.44
112,國文,14,0.78,0.44
112,英語聽力,14,0.74,0.67
112,英語,14,0.62,0.48
112,數學,14,0.56,0.56
112,社會,14,0.68,0.4
112,自然,14,0.56,0.5
112,國文,15,0.69,0.48
112,英語聽力,15,0.69,0.58
112,英語,15,0.58,0.7
112,數學,15,0.42,0.59
112,社會,15,0.48,0.36
112,自然,15,0.74,0.56
112,國文,16,0.67,0.59
112,英語聽力,16,0.69,0.61
112,英語,16,0.52,0.61
112,數學,16,0.5,0.47
112,社會,16,0.54,0.43
112,自然,16,0.59,0.54
112,國文,17,0.58,0.41
112,英語聽力,17,0.65,0.65
112,英語,17,0.63,0.68
112,數學,17,0.49,0.6
112,社會,17,0.72,0.57
112,自然,17,0.6,0.59
112,國文,18,0.84,0.52
112,英語聽力,18,0.61,0.56
112,英語,18,0.49,0.56
112,數學,18,0.43,0.56
112,社會,18,0.65,0.38
112,自然,18,0.59,0.54
112,國文,19,0.73,0.53
112,英語聽力,19,0.71,0.6
112,英語,19,0.56,0.65
112,數學,19,0.48,0.49
112,社會,19,0.65,0.52
112,自然,19,0.62,0.44
112,國文,20,0.48,0.29
112,英語聽力,20,0.57,0.53
112,英語,20,0.36,0.28
112,數學,20,0.43,0.52
112,社會,20,0.58,0.61
112,自然,20,0.65,0.57
112,國文,21,0.58,0.5
112,英語聽力,21,0.49,0.52
112,英語,21,0.49,0.43
112,數學,21,0.41,0.53
112,社會,21,0.78,0.55
112,自然,21,0.54,0.53
112,國文,22,0.64,0.44
112,英語,22,0.47,0.5
112,數學,22,0.27,0.32
112,社會,22,0.72,0.5
112,自然,22,0.69,0.51
112,國文,23,0.51,0.44
112,英語,23,0.45,0.5
112,數學,23,0.23,0.06
112,社會,23,0.8,0.46
112,自然,23,0.65,0.55
112,國文,24,0.39,0.34
112,英語,24,0.75,0.59
112,數學,24,0.69,0.46
112,社會,24,0.5,0.55
112,自然,24,0.55,0.56
112,國文,25,0.76,0.33
112,英語,25,0.76,0.61
112,數學,25,0.59,0.58
112,社會,25,0.56,0.41
112,自然,25,0.5,0.3
112,國文,26,0.73,0.52
112,英語,26,0.65,0.71
112,社會,26,0.42,0.27
112,自然,26,0.53,0.45
112,國文,27,0.94,0.41
112,英語,27,0.56,0.64
112,社會,27,0.46,0.51
112,自然,27,0.52,0.45
112,國文,28,0.9,0.46
112,英語,28,0.67,0.61
112,社會,28,0.56,0.48
112,自然,28,0.57,0.62
112,國文,29,0.82,0.53
112,英語,29,0.63,0.68
112,社會,29,0.71,0.45
112,自然,29,0.55,0.6
112,國文,30,0.78,0.57
112,英語,30,0.61,0.61
112,社會,30,0.68,0.34
112,自然,30,0.53,0.5
112,國文,31,0.79,0.51
112,英語,31,0.58,0.67
112,社會,31,0.39,0.47
112,自然,31,0.5,0.38
112,國文,32,0.78,0.57
112,英語,32,0.51,0.63
112,社會,32,0.51,0.63
112,自然,32,0.45,0.39
112,國文,33,0.82,0.55
112,英語,33,0.66,0.64
112,社會,33,0.44,0.43
112,自然,33,0.43,0.38
112,國文,34,0.81,0.58
112,英語,34,0.63,0.63
112,社會,34,0.71,0.49
112,自然,34,0.42,0.52
112,國文,35,0.85,0.54
112,英語,35,0.56,0.59
112,社會,35,0.62,0.52
112,自然,35,0.36,0.49
112,國文,36,0.57,0.48
112,英語,36,0.67,0.69
112,社會,36,0.54,0.32
112,自然,36,0.34,0.52
112,國文,37,0.64,0.6
112,英語,37,0.59,0.62
112,社會,37,0.48,0.44
112,自然,37,0.37,0.58
112,國文,38,0.75,0.52
112,英語,38,0.44,0.43
112,社會,38,0.51,0.52
112,自然,38,0.29,0.44
112,國文,39,0.55,0.51
112,英語,39,0.54,0.56
112,社會,39,0.46,0.59
112,自然,39,0.47,0.58
112,國文,40,0.49,0.46
112,英語,40,0.52,0.54
112,社會,40,0.64,0.54
112,自然,40,0.52,0.58
112,國文,41,0.48,0.42
112,英語,41,0.6,0.66
112,社會,41,0.26,0.17
112,自然,41,0.52,0.57
112,國文,42,0.41,0.43
112,英語,42,0.4,0.48
112,社會,42,0.64,0.55
112,自然,42,0.38,0.41
112,英語,43,0.4,0.55
112,社會,43,0.72,0.56
112,自然,43,0.57,0.55
112,社會,44,0.57,0.48
112,自然,44,0.51,0.6
112,社會,45,0.49,0.51
112,自然,45,0.57,0.41
112,社會,46,0.6,0.53
112,自然,46,0.46,0.41
112,社會,47,0.83,0.47
112,自然,47,0.64,0.48
112,社會,48,0.74,0.53
112,自然,48,0.74,0.55
112,社會,49,0.58,0.44
112,自然,49,0.64,0.54
112,社會,50,0.64,0.59
112,自然,50,0.75,0.49
112,社會,51,0.67,0.48
112,社會,52,0.6,0.36
112,社會,53,0.78,0.51
112,社會,54,0.6,0.53
113,國文,1,0.95,0.33
113,英語聽力,1,0.91,0.45
113,英語,1,0.75,0.59
113,數學,1,0.88,0.49
113,社會,1,0.8,0.44
113,自然,1,0.79,0.56
113,國文,2,0.78,0.43
113,英語聽力,2,0.86,0.53
113,英語,2,0.69,0.62
113,數學,2,0.9,0.42
113,社會,2,0.78,0.5
113,自然,2,0.79,0.51
113,國文,3,0.82,0.52
113,英語聽力,3,0.69,0.53
113,英語,3,0.72,0.66
113,數學,3,0.77,0.58
113,社會,3,0.81,0.48
113,自然,3,0.8,0.45
113,國文,4,0.74,0.51
113,英語聽力,4,0.86,0.54
113,英語,4,0.76,0.64
113,數學,4,0.84,0.45
113,社會,4,0.71,0.55
113,自然,4,0.71,0.57
113,國文,5,0.93,0.44
113,英語聽力,5,0.85,0.58
113,英語,5,0.78,0.64
113,數學,5,0.82,0.47
113,社會,5,0.81,0.61
113,自然,5,0.81,0.5
113,國文,6,0.66,0.39
113,英語聽力,6,0.74,0.68
113,英語,6,0.7,0.66
113,數學,6,0.74,0.58
113,社會,6,0.77,0.6
113,自然,6,0.8,0.31
113,國文,7,0.73,0.46
113,英語聽力,7,0.79,0.58
113,英語,7,0.62,0.62
113,數學,7,0.71,0.51
113,社會,7,0.8,0.51
113,自然,7,0.74,0.47
113,國文,8,0.61,0.45
113,英語聽力,8,0.78,0.63
113,英語,8,0.66,0.69
113,數學,8,0.68,0.6
113,社會,8,0.81,0.51
113,自然,8,0.77,0.49
113,國文,9,0.73,0.62
113,英語聽力,9,0.71,0.66
113,英語,9,0.72,0.62
113,數學,9,0.78,0.43
113,社會,9,0.66,0.49
113,自然,9,0.74,0.57
113,國文,10,0.84,0.43
113,英語聽力,10,0.68,0.57
113,英語,10,0.72,0.69
113,數學,10,0.65,0.64
113,社會,10,0.93,0.4
113,自然,10,0.74,0.56
113,國文,11,0.81,0.5
113,英語聽力,11,0.63,0.56
113,英語,11,0.62,0.6
113,數學,11,0.62,0.57
113,社會,11,0.85,0.5
113,自然,11,0.63,0.56
113,國文,12,0.66,0.43
113,英語聽力,12,0.72,0.73
113,英語,12,0.59,0.66
113,數學,12,0.7,0.58
113,社會,12,0.75,0.48
113,自然,12,0.65,0.58
113,國文,13,0.59,0.4
113,英語聽力,13,0.78,0.58
113,英語,13,0.57,0.58
113,數學,13,0.66,0.62
113,社會,13,0.78,0.36
113,自然,13,0.65,0.57
113,國文,14,0.74,0.46
113,英語聽力,14,0.8,0.53
113,英語,14,0.71,0.49
113,數學,14,0.55,0.51
113,社會,14,0.74,0.58
113,自然,14,0.72,0.57
113,國文,15,0.83,0.47
113,英語聽力,15,0.63,0.68
113,英語,15,0.67,0.6
113,數學,15,0.55,0.54
113,社會,15,0.74,0.46
113,自然,15,0.61,0.66
113,國文,16,0.69,0.48
113,英語聽力,16,0.64,0.68
113,英語,16,0.7,0.67
113,數學,16,0.52,0.6
113,社會,16,0.74,0.49
113,自然,16,0.5,0.3
113,國文,17,0.56,0.38
113,英語聽力,17,0.66,0.63
113,英語,17,0.44,0.43
113,數學,17,0.5,0.55
113,社會,17,0.66,0.5
113,自然,17,0.7,0.57
113,國文,18,0.56,0.57
113,英語聽力,18,0.8,0.58
113,英語,18,0.63,0.64
113,數學,18,0.43,0.42
113,社會,18,0.67,0.5
113,自然,18,0.54,0.55
113,國文,19,0.47,0.53
113,英語聽力,19,0.55,0.43
113,英語,19,0.44,0.53
113,數學,19,0.52,0.58
113,社會,19,0.74,0.48
113,自然,19,0.57,0.53
113,國文,20,0.61,0.56
113,英語聽力,20,0.58,0.53
113,英語,20,0.34,0.19
113,數學,20,0.54,0.57
113,社會,20,0.74,0.46
113,自然,20,0.57,0.5
113,國文,21,0.57,0.51
113,英語聽力,21,0.52,0.49
113,英語,21,0.51,0.51
113,數學,21,0.38,0.56
113,社會,21,0.82,0.48
113,自然,21,0.77,0.58
113,國文,22,0.62,0.53
113,英語,22,0.74,0.65
113,數學,22,0.34,0.44
113,社會,22,0.56,0.53
113,自然,22,0.57,0.52
113,國文,23,0.67,0.59
113,英語,23,0.71,0.67
113,數學,23,0.3,0.29
113,社會,23,0.86,0.47
113,自然,23,0.59,0.59
113,國文,24,0.38,0.32
113,英語,24,0.7,0.6
113,數學,24,0.35,0.36
113,社會,24,0.87,0.45
113,自然,24,0.62,0.5
113,國文,25,0.8,0.48
113,英語,25,0.7,0.65
113,數學,25,0.33,0.24
113,社會,25,0.41,0.39
113,自然,25,0.54,0.52
113,國文,26,0.88,0.55
113,英語,26,0.63,0.63
113,社會,26,0.54,0.43
113,自然,26,0.35,0.49
113,國文,27,0.81,0.59
113,英語,27,0.58,0.64
113,社會,27,0.66,0.61
113,自然,27,0.45,0.55
113,國文,28,0.78,0.58
113,英語,28,0.64,0.69
113,社會,28,0.48,0.34
113,自然,28,0.55,0.55
113,國文,29,0.84,0.59
113,英語,29,0.64,0.69
113,社會,29,0.49,0.44
113,自然,29,0.63,0.49
113,國文,30,0.78,0.55
113,英語,30,0.5,0.64
113,社會,30,0.53,0.29
113,自然,30,0.48,0.54
113,國文,31,0.63,0.62
113,英語,31,0.48,0.57
113,社會,31,0.66,0.56
113,自然,31,0.31,0.36
113,國文,32,0.8,0.58
113,英語,32,0.52,0.56
113,社會,32,0.51,0.54
113,自然,32,0.39,0.37
113,國文,33,0.84,0.59
113,英語,33,0.66,0.66
113,社會,33,0.48,0.39
113,自然,33,0.5,0.57
113,國文,34,0.79,0.62
113,英語,34,0.45,0.49
113,社會,34,0.69,0.52
113,自然,34,0.43,0.59
113,國文,35,0.85,0.57
113,英語,35,0.49,0.54
113,社會,35,0.72,0.46
113,自然,35,0.36,0.52
113,國文,36,0.59,0.46
113,英語,36,0.5,0.47
113,社會,36,0.32,0.27
113,自然,36,0.33,0.38
113,國文,37,0.85,0.49
113,英語,37,0.52,0.55
113,社會,37,0.56,0.6
113,自然,37,0.37,0.32
113,國文,38,0.64,0.46
113,英語,38,0.5,0.51
113,社會,38,0.53,0.49
113,自然,38,0.25,0.31
113,國文,39,0.38,0.31
113,英語,39,0.53,0.57
113,社會,39,0.51,0.44
113,自然,39,0.65,0.59
113,國文,40,0.42,0.37
113,英語,40,0.49,0.58
113,社會,40,0.42,0.4
113,自然,40,0.51,0.59
113,國文,41,0.46,0.35
113,英語,41,0.63,0.59
113,社會,41,0.64,0.57
113,自然,41,0.38,0.54
113,國文,42,0.61,0.49
113,英語,42,0.42,0.43
113,社會,42,0.51,0.48
113,自然,42,0.86,0.44
113,英語,43,0.6,0.64
113,社會,43,0.59,0.54
113,自然,43,0.84,0.5
113,社會,44,0.59,0.48
113,自然,44,0.63,0.47
113,社會,45,0.84,0.53
113,自然,45,0.82,0.5
113,社會,46,0.76,0.5
113,自然,46,0.61,0.58
113,社會,47,0.7,0.5
113,自然,47,0.66,0.57
113,社會,48,0.73,0.47
113,自然,48,0.74,0.47
113,社會,49,0.71,0.56
113,自然,49,0.6,0.53
113,社會,50,0.64,0.49
113,自然,50,0.35,0.41
113,社會,51,0.84,0.51
113,社會,52,0.61,0.48
113,社會,53,0.66,0.5
113,社會,54,0.59,0.39
114,國文,1,0.9,0.43
114,英語聽力,1,0.88,0.46
114,英語,1,0.81,0.55
114,數學,1,0.75,0.61
114,社會,1,0.91,0.35
114,自然,1,0.81,0.51
114,國文,2,0.95,0.39
114,英語聽力,2,0.89,0.52
114,英語,2,0.73,0.72
114,數學,2,0.82,0.57
114,社會,2,0.86,0.46
114,自然,2,0.81,0.49
114,國文,3,0.79,0.47
114,英語聽力,3,0.66,0.47
114,英語,3,0.73,0.69
114,數學,3,0.88,0.46
114,社會,3,0.83,0.49
114,自然,3,0.9,0.39
114,國文,4,0.81,0.5
114,英語聽力,4,0.84,0.52
114,英語,4,0.61,0.55
114,數學,4,0.77,0.61
114,社會,4,0.62,0.47
114,自然,4,0.69,0.65
114,國文,5,0.88,0.51
114,英語聽力,5,0.79,0.6
114,英語,5,0.73,0.67
114,數學,5,0.82,0.54
114,社會,5,0.81,0.4
114,自然,5,0.7,0.47
114,國文,6,0.79,0.47
114,英語聽力,6,0.78,0.64
114,英語,6,0.76,0.65
114,數學,6,0.77,0.55
114,社會,6,0.85,0.52
114,自然,6,0.95,0.32
114,國文,7,0.84,0.41
114,英語聽力,7,0.81,0.65
114,英語,7,0.6,0.64
114,數學,7,0.78,0.56
114,社會,7,0.79,0.5
114,自然,7,0.78,0.52
114,國文,8,0.8,0.44
114,英語聽力,8,0.82,0.58
114,英語,8,0.72,0.56
114,數學,8,0.75,0.59
114,社會,8,0.66,0.53
114,自然,8,0.68,0.61
114,國文,9,0.78,0.48
114,英語聽力,9,0.73,0.64
114,英語,9,0.66,0.72
114,數學,9,0.72,0.55
114,社會,9,0.52,0.44
114,自然,9,0.75,0.52
114,國文,10,0.83,0.53
114,英語聽力,10,0.78,0.63
114,英語,10,0.68,0.57
114,數學,10,0.58,0.6
114,社會,10,0.62,0.44
114,自然,10,0.72,0.52
114,國文,11,0.72,0.57
114,英語聽力,11,0.71,0.62
114,英語,11,0.61,0.59
114,數學,11,0.72,0.54
114,社會,11,0.9,0.35
114,自然,11,0.71,0.49
114,國文,12,0.71,0.48
114,英語聽力,12,0.85,0.59
114,英語,12,0.7,0.72
114,數學,12,0.66,0.41
114,社會,12,0.88,0.49
114,自然,12,0.7,0.54
114,國文,13,0.57,0.44
114,英語聽力,13,0.63,0.68
114,英語,13,0.52,0.64
114,數學,13,0.61,0.59
114,社會,13,0.74,0.38
114,自然,13,0.7,0.61
114,國文,14,0.55,0.39
114,英語聽力,14,0.72,0.66
114,英語,14,0.48,0.31
114,數學,14,0.56,0.49
114,社會,14,0.63,0.52
114,自然,14,0.67,0.52
114,國文,15,0.61,0.48
114,英語聽力,15,0.59,0.7
114,英語,15,0.56,0.53
114,數學,15,0.6,0.51
114,社會,15,0.78,0.51
114,自然,15,0.74,0.52
114,國文,16,0.52,0.48
114,英語聽力,16,0.63,0.49
114,英語,16,0.56,0.68
114,數學,16,0.5,0.49
114,社會,16,0.74,0.41
114,自然,16,0.68,0.57
114,國文,17,0.51,0.48
114,英語聽力,17,0.72,0.61
114,英語,17,0.48,0.47
114,數學,17,0.51,0.49
114,社會,17,0.6,0.49
114,自然,17,0.66,0.57
114,國文,18,0.59,0.54
114,英語聽力,18,0.72,0.62
114,英語,18,0.48,0.57
114,數學,18,0.44,0.44
114,社會,18,0.72,0.39
114,自然,18,0.59,0.61
114,國文,19,0.61,0.53
114,英語聽力,19,0.58,0.42
114,英語,19,0.38,0.36
114,數學,19,0.48,0.44
114,社會,19,0.67,0.39
114,自然,19,0.6,0.45
114,國文,20,0.51,0.46
114,英語聽力,20,0.67,0.63
114,英語,20,0.79,0.64
114,數學,20,0.35,0.41
114,社會,20,0.65,0.42
114,自然,20,0.55,0.45
114,國文,21,0.61,0.54
114,英語聽力,21,0.53,0.47
114,英語,21,0.76,0.65
114,數學,21,0.44,0.5
114,社會,21,0.63,0.58
114,自然,21,0.65,0.56
114,國文,22,0.51,0.55
114,英語,22,0.68,0.7
114,數學,22,0.33,0.26
114,社會,22,0.72,0.53
114,自然,22,0.65,0.58
114,國文,23,0.43,0.42
114,英語,23,0.7,0.7
114,數學,23,0.3,0.33
114,社會,23,0.68,0.5
114,自然,23,0.5,0.49
114,國文,24,0.3,0.27
114,英語,24,0.64,0.66
114,數學,24,0.72,0.52
114,社會,24,0.82,0.49
114,自然,24,0.56,0.41
114,國文,25,0.9,0.46
114,英語,25,0.66,0.6
114,數學,25,0.59,0.55
114,社會,25,0.73,0.41
114,自然,25,0.53,0.45
114,國文,26,0.86,0.56
114,英語,26,0.75,0.63
114,社會,26,0.74,0.5
114,自然,26,0.62,0.57
114,國文,27,0.82,0.55
114,英語,27,0.63,0.69
114,社會,27,0.71,0.58
114,自然,27,0.42,0.22
114,國文,28,0.89,0.48
114,英語,28,0.51,0.61
114,社會,28,0.63,0.55
114,自然,28,0.57,0.57
114,國文,29,0.64,0.38
114,英語,29,0.69,0.65
114,社會,29,0.57,0.47
114,自然,29,0.54,0.62
114,國文,30,0.84,0.53
114,英語,30,0.54,0.62
114,社會,30,0.66,0.52
114,自然,30,0.63,0.64
114,國文,31,0.84,0.45
114,英語,31,0.69,0.65
114,社會,31,0.65,0.61
114,自然,31,0.47,0.54
114,國文,32,0.81,0.53
114,英語,32,0.46,0.47
114,社會,32,0.7,0.52
114,自然,32,0.47,0.48
114,國文,33,0.7,0.5
114,英語,33,0.57,0.63
114,社會,33,0.38,0.44
114,自然,33,0.43,0.48
114,國文,34,0.8,0.52
114,英語,34,0.57,0.61
114,社會,34,0.53,0.47
114,自然,34,0.53,0.58
114,國文,35,0.75,0.46
114,英語,35,0.6,0.56
114,社會,35,0.77,0.56
114,自然,35,0.33,0.48
114,國文,36,0.52,0.39
114,英語,36,0.49,0.49
114,社會,36,0.68,0.58
114,自然,36,0.42,0.48
114,國文,37,0.58,0.53
114,英語,37,0.54,0.56
114,社會,37,0.43,0.24
114,自然,37,0.47,0.48
114,國文,38,0.62,0.54
114,英語,38,0.45,0.42
114,社會,38,0.43,0.35
114,自然,38,0.41,0.35
114,國文,39,0.54,0.52
114,英語,39,0.59,0.61
114,社會,39,0.65,0.55
114,自然,39,0.43,0.46
114,國文,40,0.58,0.34
114,英語,40,0.59,0.61
114,社會,40,0.46,0.5
114,自然,40,0.46,0.36
114,國文,41,0.5,0.45
114,英語,41,0.68,0.64
114,社會,41,0.32,0.39
114,自然,41,0.31,0.29
114,國文,42,0.41,0.28
114,英語,42,0.5,0.51
114,社會,42,0.6,0.53
114,自然,42,0.37,0.56
114,英語,43,0.53,0.6
114,社會,43,0.71,0.58
114,自然,43,0.59,0.49
114,社會,44,0.65,0.53
114,自然,44,0.42,0.38
114,社會,45,0.67,0.5
114,自然,45,0.65,0.47
114,社會,46,0.57,0.38
114,自然,46,0.72,0.55
114,社會,47,0.82,0.46
114,自然,47,0.42,0.28
114,社會,48,0.5,0.57
114,自然,48,0.54,0.54
114,社會,49,0.55,0.56
114,自然,49,0.37,0.49
114,社會,50,0.59,0.53
114,自然,50,0.53,0.58
114,社會,51,0.63,0.45
114,社會,52,0.49,0.5
114,社會,53,0.45,0.47
114,社會,54,0.73,0.51
115,國文,1,0.86,0.44
115,英語聽力,1,0.84,0.49
115,英語,1,0.7,0.58
115,數學,1,0.83,0.55
115,社會,1,0.8,0.38
115,自然,1,0.8,0.49
115,國文,2,0.93,0.4
115,英語聽力,2,0.85,0.52
115,英語,2,0.74,0.65
115,數學,2,0.82,0.5
115,社會,2,0.84,0.43
115,自然,2,0.87,0.38
115,國文,3,0.89,0.45
115,英語聽力,3,0.83,0.55
115,英語,3,0.76,0.65
115,數學,3,0.77,0.59
115,社會,3,0.71,0.48
115,自然,3,0.74,0.44
115,國文,4,0.75,0.36
115,英語聽力,4,0.8,0.62
115,英語,4,0.71,0.67
115,數學,4,0.81,0.55
115,社會,4,0.68,0.48
115,自然,4,0.82,0.46
115,國文,5,0.78,0.55
115,英語聽力,5,0.77,0.68
115,英語,5,0.55,0.57
115,數學,5,0.76,0.53
115,社會,5,0.7,0.56
115,自然,5,0.76,0.5
115,國文,6,0.55,0.44
115,英語聽力,6,0.78,0.6
115,英語,6,0.71,0.62
115,數學,6,0.77,0.52
115,社會,6,0.77,0.53
115,自然,6,0.87,0.42
115,國文,7,0.72,0.42
115,英語聽力,7,0.72,0.64
115,英語,7,0.6,0.65
115,數學,7,0.71,0.62
115,社會,7,0.89,0.44
115,自然,7,0.64,0.56
115,國文,8,0.75,0.45
115,英語聽力,8,0.79,0.69
115,英語,8,0.53,0.51
115,數學,8,0.75,0.56
115,社會,8,0.7,0.49
115,自然,8,0.9,0.4
115,國文,9,0.61,0.48
115,英語聽力,9,0.78,0.64
115,英語,9,0.67,0.65
115,數學,9,0.65,0.59
115,社會,9,0.77,0.61
115,自然,9,0.76,0.5
115,國文,10,0.7,0.48
115,英語聽力,10,0.76,0.6
115,英語,10,0.6,0.65
115,數學,10,0.64,0.56
115,社會,10,0.96,0.3
115,自然,10,0.62,0.49
115,國文,11,0.66,0.44
115,英語聽力,11,0.61,0.63
115,英語,11,0.7,0.63
115,數學,11,0.69,0.59
115,社會,11,0.8,0.39
115,自然,11,0.67,0.55
115,國文,12,0.58,0.47
115,英語聽力,12,0.72,0.64
115,英語,12,0.5,0.58
115,數學,12,0.64,0.61
115,社會,12,0.68,0.61
115,自然,12,0.63,0.56
115,國文,13,0.62,0.59
115,英語聽力,13,0.67,0.68
115,英語,13,0.56,0.62
115,數學,13,0.69,0.62
115,社會,13,0.69,0.58
115,自然,13,0.56,0.65
115,國文,14,0.57,0.4
115,英語聽力,14,0.77,0.65
115,英語,14,0.52,0.6
115,數學,14,0.62,0.57
115,社會,14,0.62,0.31
115,自然,14,0.81,0.41
115,國文,15,0.57,0.48
115,英語聽力,15,0.68,0.63
115,英語,15,0.38,0.44
115,數學,15,0.64,0.56
115,社會,15,0.56,0.54
115,自然,15,0.47,0.4
115,國文,16,0.51,0.5
115,英語聽力,16,0.71,0.63
115,英語,16,0.58,0.43
115,數學,16,0.5,0.49
115,社會,16,0.58,0.56
115,自然,16,0.7,0.57
115,國文,17,0.56,0.56
115,英語聽力,17,0.61,0.51
115,英語,17,0.54,0.58
115,數學,17,0.55,0.53
115,社會,17,0.57,0.54
115,自然,17,0.67,0.53
115,國文,18,0.49,0.44
115,英語聽力,18,0.67,0.69
115,英語,18,0.44,0.35
115,數學,18,0.48,0.48
115,社會,18,0.6,0.47
115,自然,18,0.6,0.57
115,國文,19,0.5,0.46
115,英語聽力,19,0.67,0.64
115,英語,19,0.73,0.65
115,數學,19,0.45,0.49
115,社會,19,0.8,0.56
115,自然,19,0.66,0.5
115,國文,20,0.42,0.31
115,英語聽力,20,0.51,0.38
115,英語,20,0.82,0.57
115,數學,20,0.39,0.28
115,社會,20,0.58,0.56
115,自然,20,0.52,0.33
115,國文,21,0.49,0.48
115,英語聽力,21,0.41,0.35
115,英語,21,0.62,0.41
115,數學,21,0.37,0.43
115,社會,21,0.78,0.6
115,自然,21,0.55,0.34
115,國文,22,0.54,0.43
115,英語,22,0.73,0.66
115,數學,22,0.27,0.13
115,社會,22,0.59,0.51
115,自然,22,0.63,0.49
115,國文,23,0.46,0.37
115,英語,23,0.71,0.66
115,數學,23,0.47,0.46
115,社會,23,0.7,0.49
115,自然,23,0.6,0.51
115,國文,24,0.8,0.45
115,英語,24,0.68,0.66
115,數學,24,0.38,0.41
115,社會,24,0.45,0.2
115,自然,24,0.56,0.62
115,國文,25,0.86,0.49
115,英語,25,0.5,0.61
115,數學,25,0.43,0.37
115,社會,25,0.62,0.5
115,自然,25,0.53,0.39
115,國文,26,0.71,0.49
115,英語,26,0.66,0.62
115,社會,26,0.56,0.39
115,自然,26,0.44,0.61
115,國文,27,0.87,0.45
115,英語,27,0.59,0.61
115,社會,27,0.53,0.55
115,自然,27,0.56,0.56
115,國文,28,0.88,0.54
115,英語,28,0.6,0.55
115,社會,28,0.49,0.48
115,自然,28,0.55,0.5
115,國文,29,0.81,0.46
115,英語,29,0.64,0.71
115,社會,29,0.5,0.52
115,自然,29,0.53,0.36
115,國文,30,0.84,0.56
115,英語,30,0.67,0.67
115,社會,30,0.67,0.48
115,自然,30,0.51,0.65
115,國文,31,0.81,0.46
115,英語,31,0.53,0.6
115,社會,31,0.61,0.65
115,自然,31,0.58,0.55
115,國文,32,0.51,0.45
115,英語,32,0.65,0.66
115,社會,32,0.68,0.65
115,自然,32,0.38,0.33
115,國文,33,0.83,0.54
115,英語,33,0.58,0.56
115,社會,33,0.64,0.45
115,自然,33,0.46,0.37
115,國文,34,0.77,0.56
115,英語,34,0.55,0.67
115,社會,34,0.47,0.34
115,自然,34,0.47,0.47
115,國文,35,0.71,0.49
115,英語,35,0.63,0.69
115,社會,35,0.69,0.58
115,自然,35,0.43,0.49
115,國文,36,0.79,0.48
115,英語,36,0.46,0.52
115,社會,36,0.56,0.55
115,自然,36,0.45,0.69
115,國文,37,0.8,0.52
115,英語,37,0.5,0.53
115,社會,37,0.53,0.64
115,自然,37,0.41,0.48
115,國文,38,0.73,0.57
115,英語,38,0.56,0.53
115,社會,38,0.56,0.46
115,自然,38,0.42,0.39
115,國文,39,0.52,0.51
115,英語,39,0.48,0.53
115,社會,39,0.53,0.43
115,自然,39,0.42,0.53
115,國文,40,0.42,0.45
115,英語,40,0.68,0.66
115,社會,40,0.52,0.6
115,自然,40,0.27,0.22
115,國文,41,0.68,0.51
115,英語,41,0.58,0.65
115,社會,41,0.42,0.47
115,自然,41,0.23,0.22
115,國文,42,0.35,0.42
115,英語,42,0.49,0.54
115,社會,42,0.44,0.55
115,自然,42,0.73,0.52
115,英語,43,0.61,0.66
115,社會,43,0.47,0.44
115,自然,43,0.7,0.58
115,社會,44,0.87,0.41
115,自然,44,0.76,0.44
115,社會,45,0.62,0.47
115,自然,45,0.63,0.57
115,社會,46,0.84,0.33
115,自然,46,0.64,0.48
115,社會,47,0.8,0.51
115,自然,47,0.49,0.47
115,社會,48,0.88,0.49
115,自然,48,0.59,0.64
115,社會,49,0.71,0.53
115,自然,49,0.38,0.46
115,社會,50,0.5,0.44
115,自然,50,0.42,0.47
115,社會,51,0.86,0.47
115,社會,52,0.53,0.6
115,社會,53,0.56,0.6
115,社會,54,0.45,0.56
